url_path,views_total,views_unique
/unikraft/loupe,10,10
/unikraft/loupe/issues,3,2
/unikraft/loupe/issues/14,2,2
/unikraft/loupe/issues/8,2,2
/unikraft/loupe/issues/21,2,1
/unikraft/loupe/pulls,2,1
/unikraft/loupe/activity,1,1
/unikraft/loupe/blob/edce8006156f39c20d6f6c5968df88007dbec018/misc-artifacts/implementation-timeline/google.csv,1,1
/unikraft/loupe/blob/edce8006156f39c20d6f6c5968df88007dbec018/misc-artifacts/os-compatibility-score/google-csvs/gvisor.csv,1,1
/unikraft/loupe/blob/staging/debhelper/debhelper_build.sh,1,1
